Participant_ID,Name,Age,Phone,Address,City,State,Zip_Code,Workshop_Goal
1001,Jacob Taylor,53.0,(280) 635-2449,710 Broadway Rd,Portland,ME,04184,To understand nutrition labels
1002,Jacob Brown,58.0,(583) 256-8770,452 Oak St,Buffalo,NY,14257,get fit!
1003,Mason Thomas,26.0,(203) 493-8898,351 Hill Road,Albany,NY,12290,Want to lower my blood pressure.
1004,Michael Gonzalez,43.0,7582841440,458 Broadway Rd.,Buffalo,NY,14218,I want to start cooking more at home.
1005,Mason Miller,27.0,9305552438,736 Washington Road,Albany,NY,12247,To understand nutrition labels
1006,Mia Lopez,82.0,483-155-2038,523 Washington ave,Harrisburg,PA,17170,healthy lifestyle
1007,Sofia Anderson,20.0,,425 Maple Ave,New York,NY,10076,N/A
1008,Mason Garcia,55.0,209-405-2758,920 Elm ave,Buffalo,NY,14269,To understand nutrition labels
1009,Emma Johnson,49.0,7783102124,842 Cedar Rd.,Rochester,NY,14628,
1010,Mason Johnson,80.0,(315) 966-3425,899 Washington St.,Brooklyn,NY,11231,healthy lifestyle
1011,Avery Jackson,28.0,(270) 878-9727,979 Pine rd,Boston,MA,02177,my doctor recommended this class
1012,Isabella Rodriguez,37.0,,672 Hill Rd.,Buffalo,NY,14280,
1013,Abigail Thomas,54.0,(703) 804-5009,78 Oak ave,Baltimore,MD,21284,N/A
1014,Harper Williams,75.0,,670 Washington Ave,Brooklyn,NY,11274,I want to start cooking more at home.
1015,Amelia Williams,53.0,908-783-6298,805 Pine Street,Buffalo,NY,14252,To learn how to eat healthier
1016,Michael Martin,47.0,,615 Lake Ave.,Philadelphia,PA,19164,lose weight and eat better
1017,Henry Brown,60.0,340-139-5700,469 Pine rd,Washington,DC,,
1018,Mason Anderson,49.0,483-884-9540,89 Cedar ave,Brooklyn,NY,11252,improve overall health
1019,Olivia Davis,68.0,-999,595 Washington st,Brooklyn,NY,11243,Want to lower my blood pressure.
1020,Benjamin Wilson,63.0,,536 Elm Rd,Rochester,NY,14633,Want to lower my blood pressure.
1021,Olivia Johnson,72.0,675-776-5151,797 Elm Rd,Scranton,PA,,N/A
1022,James Davis,37.0,5861758357,557 Broadway rd,Scranton,PA,18598,I want to start cooking more at home.
1023,James Hernandez,50.0,788-356-8254,785 Hill Ave.,Allentown,PA,18168,N/A
1024,Emily Lopez,19.0,722-513-3089,10 Maple Ave,Worcester,MA,01655,Want to lower my blood pressure.
1025,Logan Rodriguez,-999.0,980-416-6567,589 Maple St.,Pittsburgh,PA,,
1026,Abigail Davis,42.0,,442 Broadway st,Buffalo,NY,-999,get fit!
1027,Ethan Jones,47.0,237-853-3319,258 Maple Ave,Manchester,NH,03132,To learn how to eat healthier
1028,Sofia Jones,51.0,(944) 926-2097,575 Main rd,Pittsburgh,PA,15276,-999
1029,Emily Anderson,23.0,561-729-8126,382 Maple st,Philadelphia,PA,19113,get fit!
1030,Emma Martin,48.0,875-587-8434,260 Broadway St,Boston,MA,02190,healthy lifestyle
1031,Isabella Taylor,24.0,3275595881,251 Maple Avenue,Hartford,CT,06190,healthy lifestyle
1032,James Martin,40.0,(967) 692-6901,387 Oak Avenue,Allentown,PA,18164,
1033,Ava Smith,57.0,(284) 213-3585,877 Lake Rd.,Baltimore,MD,21250,N/A
1034,Lucas Miller,34.0,(509) 262-5489,390 Washington Ave,Manchester,NH,03160,To understand nutrition labels
1035,Noah Lopez,51.0,(947) 570-9785,859 Main Street,Providence,RI,02956,my doctor recommended this class
1036,Elizabeth Johnson,57.0,(656) 395-3960,647 Pine St,Buffalo,NY,,N/A
1037,Mia Hernandez,56.0,(914) 804-6939,853 Lake Road,Albany,NY,,healthy lifestyle
1038,Jacob Wilson,26.0,9964709408,978 Oak Ave.,Washington,DC,,healthy lifestyle
1039,Benjamin Moore,47.0,596-938-9561,596 Lake rd,New York,NY,,To learn how to eat healthier
1040,Olivia Jones,46.0,9417907511,24 Washington st,Albany,NY,12268,improve overall health
1041,Alexander Thomas,38.0,244-155-6966,352 Cedar Avenue,Washington,DC,20068,To learn how to eat healthier
1042,Henry Brown,60.0,340-139-5700,469 Pine rd,Washington,DC,,
1043,Logan Davis,29.0,8227564197,210 Lake Street,Buffalo,NY,-999,N/A
1044,Liam Gonzalez,-999.0,489-892-6090,18 Oak rd,Harrisburg,PA,17182,To understand nutrition labels
1045,Michael Gonzalez,77.0,837-646-1441,95 Hill Rd,Burlington,VT,05469,
1046,Harper Miller,76.0,5784196314,169 Hill St,New York,NY,,Want to lower my blood pressure.
1047,Abigail Brown,-999.0,4282422679,42 Lake st,Albany,NY,-999,-999
1048,Olivia Johnson,22.0,272-626-4899,750 Broadway St.,Trenton,NJ,08641,N/A
1049,Harper Jackson,-999.0,(981) 114-9664,933 Cedar Ave.,Allentown,PA,,Want to lower my blood pressure.
1050,Jacob Hernandez,70.0,952-930-5065,401 Pine Rd,Rochester,NY,14638,lose weight and eat better
1051,Logan Taylor,82.0,3019122874,450 Lake Rd.,Harrisburg,PA,17162,improve overall health
1052,Isabella Garcia,52.0,320-889-1480,279 Main Ave,Trenton,NJ,08673,N/A
1053,Olivia Thomas,-999.0,987-238-7887,394 Main ave,New York,NY,10079,get fit!
1054,Lucas Hernandez,38.0,-999,861 Pine Rd.,Rochester,NY,14681,my doctor recommended this class
1055,Daniel Hernandez,77.0,,518 Hill ave,Albany,NY,12264,get fit!
1056,Henry Gonzalez,37.0,2372299229,112 Washington st,Harrisburg,PA,17111,get fit!
1057,Michael Williams,62.0,,358 Main St,Richmond,VA,23286,I want to start cooking more at home.
1058,Ethan Martinez,19.0,(767) 406-2697,770 Elm St,Boston,MA,02146,my doctor recommended this class
1059,Evelyn Davis,27.0,234-401-1328,360 Elm St,Brooklyn,NY,11230,Want to lower my blood pressure.
1060,Mason Martin,52.0,724-216-6655,549 Oak ave,Rochester,NY,,I want to start cooking more at home.
1061,Abigail Moore,56.0,901-515-5873,171 Oak Rd,Pittsburgh,PA,15269,lose weight and eat better
1062,Abigail Smith,69.0,4171375269,384 Lake Ave.,Philadelphia,PA,19147,get fit!
1063,Emma Lopez,63.0,(441) 613-5519,976 Elm Ave,Worcester,MA,01638,get fit!
1064,Jacob Brown,58.0,(583) 256-8770,452 Oak St,Buffalo,NY,14257,get fit!
1065,Sophia Martinez,35.0,(496) 435-2965,189 Broadway rd,Brooklyn,NY,11239,healthy lifestyle
1066,Elizabeth Anderson,66.0,(706) 971-6325,826 Broadway Street,Albany,NY,12286,To understand nutrition labels
1067,Alexander Jackson,18.0,(784) 284-7822,918 Cedar Ave,Harrisburg,PA,,Want to lower my blood pressure.
1068,Mason Martinez,-999.0,(489) 819-8438,445 Cedar Ave.,Rochester,NY,14692,get fit!
1069,Abigail Garcia,78.0,369-176-9055,61 Cedar Avenue,Scranton,PA,18592,I want to start cooking more at home.
1070,Amelia Anderson,69.0,5797418607,404 Maple Rd,Harrisburg,PA,17147,I want to start cooking more at home.
1071,Ava Taylor,,309-433-2162,614 Lake ave,Harrisburg,PA,17141,healthy lifestyle
1072,Alexander Hernandez,21.0,3984386536,671 Broadway Ave,Buffalo,NY,14290,N/A
1073,Logan Johnson,40.0,6491104304,44 Lake Ave.,Baltimore,MD,21299,lose weight and eat better
1074,Avery Williams,54.0,3489893745,879 Washington ave,Rochester,NY,,improve overall health
1075,Emily Jones,79.0,6995044212,258 Hill Rd.,Rochester,NY,14665,improve overall health
1076,Avery Johnson,74.0,(755) 813-9029,341 Hill Street,Scranton,PA,18586,healthy lifestyle
1077,Harper Johnson,36.0,,623 Elm st,Newark,NJ,07194,To understand nutrition labels
1078,Daniel Jones,50.0,(312) 776-1422,612 Maple Ave.,Pittsburgh,PA,,
1079,Mason Rodriguez,72.0,,454 Main Ave.,Providence,RI,02915,healthy lifestyle
1080,Emily Anderson,55.0,599-526-6902,299 Pine Rd.,Brooklyn,NY,11226,get fit!
1081,Daniel Martin,59.0,911-305-8848,308 Pine Avenue,Portland,ME,04183,lose weight and eat better
1082,Harper Brown,42.0,(557) 459-3419,212 Oak Street,Buffalo,NY,14293,Want to lower my blood pressure.
1083,Liam Wilson,78.0,279-478-9622,902 Hill rd,Albany,NY,12291,I want to start cooking more at home.
1084,Mason Rodriguez,54.0,791-233-8951,651 Maple St,Allentown,PA,,-999
1085,Liam Anderson,19.0,,895 Elm Road,Albany,NY,,I want to start cooking more at home.
1086,Amelia Johnson,48.0,(825) 391-8355,998 Lake Street,Philadelphia,PA,19196,my doctor recommended this class
1087,Olivia Martinez,-999.0,359-649-6353,327 Hill Rd,Philadelphia,PA,19117,
1088,Michael Brown,44.0,(404) 289-6759,981 Oak Street,Hartford,CT,06130,healthy lifestyle
1089,Daniel Hernandez,-999.0,9069425521,106 Lake Rd.,Rochester,NY,14629,get fit!
1090,Benjamin Davis,38.0,,695 Elm Avenue,Philadelphia,PA,19111,Want to lower my blood pressure.
1091,Evelyn Johnson,66.0,(216) 598-2322,733 Maple St,Manchester,NH,03146,I want to start cooking more at home.
1092,Abigail Taylor,71.0,8978175986,856 Washington Ave,New York,NY,10028,I want to start cooking more at home.
1093,Ethan Smith,78.0,539-531-6782,721 Elm St,Baltimore,MD,21282,
1094,Ava Williams,47.0,786-256-7987,565 Hill ave,Brooklyn,NY,11227,my doctor recommended this class
1095,Henry Wilson,25.0,(573) 573-3420,874 Pine Road,Philadelphia,PA,19118,lose weight and eat better
1096,Emma Jackson,44.0,3973935532,289 Washington Ave,Rochester,NY,14624,To learn how to eat healthier
1097,Logan Garcia,54.0,9934461857,106 Washington Street,Worcester,MA,01646,To understand nutrition labels
1098,Noah Lopez,65.0,-999,836 Elm Rd.,Scranton,PA,18589,my doctor recommended this class
1099,Elizabeth Davis,38.0,(846) 424-7656,492 Elm st,Harrisburg,PA,17152,I want to start cooking more at home.
1100,Evelyn Thomas,38.0,,80 Lake St.,Baltimore,MD,,lose weight and eat better
1101,Abigail Lopez,43.0,(398) 401-8353,762 Oak St.,Philly,PA,,To understand nutrition labels
1102,Emma Rodriguez,53.0,3807591691,890 Broadway St,New York,NY,10018,I want to start cooking more at home.
1103,Alexander Rodriguez,50.0,252-194-7939,799 Maple Street,Brooklyn,NY,11243,get fit!
1104,Emily Brown,80.0,(744) 190-4054,50 Lake Ave,Brooklyn,NY,11249,improve overall health
1105,Emily Anderson,28.0,5938449383,54 Pine ave,Brooklyn,NY,11282,get fit!
1106,Ava Williams,51.0,909-507-2315,651 Lake Avenue,Harrisburg,PA,17114,
1107,Jacob Moore,50.0,(505) 303-6905,658 Cedar St.,Philadelphia,PA,19145,my doctor recommended this class
1108,Liam Gonzalez,50.0,8381491785,59 Oak Rd,Rochester,NY,14658,Want to lower my blood pressure.
1109,Avery Moore,70.0,2252838433,266 Cedar Ave,Pittsburgh,PA,15230,
1110,Oliver Moore,34.0,(428) 954-1056,554 Elm ave,Allentown,PA,18141,N/A
1111,Ava Gonzalez,44.0,(280) 560-7079,62 Lake Rd.,Rochester,NY,14687,
1112,Amelia Hernandez,74.0,2332815965,147 Pine ave,Rochester,NY,14672,Want to lower my blood pressure.
1113,Oliver Jones,-999.0,3489741531,349 Hill Road,Brooklyn,NY,,I want to start cooking more at home.
1114,Henry Moore,43.0,2717806409,747 Washington Rd,Albany,NY,12295,I want to start cooking more at home.
1115,Mason Brown,62.0,646-121-3643,458 Cedar Avenue,Rochester,NY,14685,improve overall health
1116,Mason Brown,66.0,425-793-4767,727 Main Ave,Albany,NY,12221,I want to start cooking more at home.
1117,Sophia Rodriguez,38.0,(899) 356-3399,377 Elm St,Harrisburg,PA,-999,healthy lifestyle
1118,Evelyn Davis,61.0,904-817-2560,689 Cedar Avenue,Burlington,VT,05481,
1119,Lucas Jackson,21.0,4717714728,184 Maple rd,Harrisburg,PA,17189,I want to start cooking more at home.
1120,Elizabeth Garcia,79.0,8038789595,313 Elm St.,Rochester,NY,14648,To learn how to eat healthier
1121,James Martinez,79.0,,892 Elm Road,New York,NY,10093,To understand nutrition labels
1122,Lucas Martin,45.0,,613 Oak St,Scranton,PA,18564,improve overall health
1123,Sophia Moore,51.0,8378473315,271 Maple Ave,Brooklyn,NY,,lose weight and eat better
1124,Michael Williams,49.0,707-708-4203,16 Oak Street,Philadelphia,PA,19152,N/A
1125,Mason Miller,51.0,406-466-7713,942 Pine st,Brooklyn,NY,11271,-999
1126,Abigail Davis,62.0,3054929246,853 Elm St,New York,NY,10076,my doctor recommended this class
1127,Mason Lopez,23.0,,300 Broadway st,Allentown,PA,18149,N/A
1128,Elijah Williams,31.0,2494958179,514 Main st,Allentown,PA,18158,Want to lower my blood pressure.
1129,Alexander Brown,35.0,454-106-5272,986 Cedar Avenue,Harrisburg,PA,17183,To learn how to eat healthier
1130,Jacob Jackson,22.0,(662) 567-1694,762 Lake rd,New York,NY,10090,To learn how to eat healthier
1131,Ava Davis,37.0,265-524-7678,73 Lake ave,Brooklyn,NY,11259,-999
1132,Sophia Jackson,24.0,811-963-8710,451 Lake St,Buffalo,NY,14256,I want to start cooking more at home.
1133,Benjamin Wilson,49.0,(971) 642-7909,950 Pine ave,Harrisburg,PA,17176,improve overall health
1134,Alexander Jones,18.0,9937948069,724 Main Ave,Harrisburg,PA,17171,I want to start cooking more at home.
1135,Lucas Johnson,46.0,216-367-7841,245 Pine Street,Allentown,PA,18141,N/A
1136,Abigail Martinez,29.0,300-878-2646,935 Pine Road,Albany,NY,,To learn how to eat healthier
1137,Elizabeth Davis,69.0,8457602376,32 Hill Ave,Albany,NY,12292,N/A
1138,Evelyn Rodriguez,-999.0,553-846-6139,404 Hill Rd,Trenton,NJ,08615,
1139,Henry Williams,-999.0,7762022200,145 Cedar Road,Scranton,PA,18541,improve overall health
1140,Abigail Rodriguez,51.0,7832787171,539 Main Ave,Buffalo,NY,14238,healthy lifestyle
1141,Jacob Moore,37.0,8702019017,716 Main Ave,Harrisburg,PA,17166,lose weight and eat better
1142,Benjamin Gonzalez,75.0,,241 Broadway Avenue,Rochester,NY,14629,
1143,Noah Martin,32.0,-999,545 Hill Ave,Rochester,NY,-999,To understand nutrition labels
1144,Sophia Jones,72.0,-999,134 Elm Street,Brooklyn,NY,11291,my doctor recommended this class
1145,Benjamin Taylor,75.0,503-767-4154,181 Lake St,Allentown,PA,18190,Want to lower my blood pressure.
1146,Benjamin Thomas,18.0,(342) 550-3713,226 Oak Road,Rochester,NY,14656,my doctor recommended this class
1147,James Davis,42.0,485-985-2137,705 Washington rd,Allentown,PA,18113,Want to lower my blood pressure.
1148,Sophia Hernandez,46.0,8539038794,875 Washington Road,Brooklyn,NY,11281,get fit!
1149,James Thomas,40.0,(283) 961-5597,761 Lake Street,Providence,RI,,Want to lower my blood pressure.
1150,Evelyn Williams,26.0,(317) 445-3781,481 Lake Ave,Scranton,PA,18563,
1151,Henry Jackson,58.0,(711) 505-8517,772 Elm St.,Worcester,MA,01684,I want to start cooking more at home.
1152,Harper Jones,58.0,8318575902,735 Washington rd,Newark,NJ,07112,improve overall health
1153,Amelia Anderson,72.0,(835) 161-2625,170 Cedar Ave,NewYork,NY,,To learn how to eat healthier
1154,Evelyn Davis,23.0,629-773-9565,254 Elm Street,Albany,NY,12295,To understand nutrition labels
1155,Mason Thomas,-999.0,4483065830,18 Main Street,Albany,NY,12265,I want to start cooking more at home.
1156,Elijah Wilson,68.0,928-491-7652,688 Main Rd.,Buffalo,NY,14234,healthy lifestyle
1157,Alexander Davis,28.0,303-489-5554,373 Washington Street,Brooklyn,NY,11299,Want to lower my blood pressure.
1158,Elijah Davis,52.0,725-120-1145,625 Pine Rd.,Brooklyn,NY,11287,To understand nutrition labels
1159,Evelyn Jones,66.0,7021435947,239 Elm ave,Albany,NY,12229,To understand nutrition labels
1160,Mason Brown,63.0,9164021359,589 Main Ave,Brooklyn,NY,11273,To understand nutrition labels
1161,Abigail Moore,56.0,901-515-5873,171 Oak Rd,Pittsburgh,PA,15269,lose weight and eat better
1162,Noah Wilson,62.0,552-708-1396,648 Pine ave,Albany,NY,12239,lose weight and eat better
1163,Lucas Miller,27.0,748-319-5708,833 Maple ave,Albany,NY,12221,
1164,Amelia Johnson,33.0,6757839702,637 Hill ave,Scranton,PA,18580,N/A
1165,Jacob Johnson,48.0,5934166945,888 Oak Rd.,Pittsburgh,PA,15260,To understand nutrition labels
1166,Elizabeth Smith,26.0,,454 Washington Ave.,Buffalo,NY,14214,get fit!
1167,Ethan Jones,66.0,378-730-5930,303 Lake Street,Brooklyn,NY,11284,my doctor recommended this class
1168,Emma Brown,52.0,548-214-5808,986 Pine Ave,Albany,NY,12232,healthy lifestyle
1169,Michael Martinez,25.0,(760) 716-7248,255 Main Ave.,Pittsburgh,PA,-999,lose weight and eat better
1170,Oliver Hernandez,46.0,731-390-2292,138 Cedar Road,Providence,RI,02978,Want to lower my blood pressure.
1171,Daniel Martin,23.0,(638) 777-7071,22 Lake Road,Allentown,PA,18123,I want to start cooking more at home.
1172,Benjamin Moore,28.0,-999,180 Cedar Road,Burlington,VT,05482,I want to start cooking more at home.
1173,Noah Martin,32.0,-999,545 Hill Ave,Rochester,NY,-999,To understand nutrition labels
1174,Liam Jackson,32.0,(651) 421-7861,430 Main Rd.,Scranton,PA,18570,To learn how to eat healthier
1175,Evelyn Moore,54.0,,855 Lake Avenue,Wilmington,DE,19825,get fit!
1176,Olivia Brown,,(506) 240-7270,634 Pine St,Manchester,NH,03154,lose weight and eat better
1177,Evelyn Rodriguez,20.0,(352) 768-1014,726 Main Ave.,Harrisburg,PA,17183,To learn how to eat healthier
1178,Lucas Brown,25.0,(959) 773-3877,728 Maple Rd.,Brooklyn,NY,11254,healthy lifestyle
1179,Sofia Wilson,40.0,-999,256 Oak Rd.,Rochester,NY,14642,improve overall health
1180,Oliver Hernandez,19.0,2125212600,369 Oak rd,Albany,NY,12242,
1181,Elizabeth Smith,70.0,(335) 467-5846,695 Oak st,Rochester,NY,14668,-999
1182,Isabella Gonzalez,43.0,(738) 355-9907,501 Main Road,Scranton,PA,18554,my doctor recommended this class
1183,Sophia Martinez,60.0,,16 Hill Ave,Harrisburg,PA,17144,I want to start cooking more at home.
1184,Jacob Davis,38.0,-999,830 Lake Avenue,Boston,MA,02197,To learn how to eat healthier
1185,James Jones,80.0,9539256080,691 Hill Street,Buffalo,NY,14275,lose weight and eat better
1186,Mia Rodriguez,80.0,857-857-9037,183 Pine Road,Buffalo,NY,14272,get fit!
1187,Oliver Taylor,61.0,348-709-3525,686 Main Ave.,Pittsburgh,PA,15231,lose weight and eat better
1188,Alexander Lopez,63.0,,981 Elm St,Allentown,PA,-999,lose weight and eat better
1189,Michael Jackson,36.0,-999,226 Broadway St.,Rochester,NY,14664,Want to lower my blood pressure.
1190,Michael Davis,62.0,(824) 747-8015,843 Hill St.,Brooklyn,NY,11282,improve overall health
1191,Benjamin Gonzalez,49.0,4314072320,398 Maple st,Allentown,PA,18117,To learn how to eat healthier
1192,Mia Williams,55.0,380-667-1644,927 Cedar ave,Albany,NY,12255,
1193,Ethan Taylor,55.0,4968723409,759 Broadway Ave,Pittsburgh,PA,15227,-999
1194,Henry Jackson,,-999,300 Broadway St,Baltimore,MD,21262,To understand nutrition labels
1195,Evelyn Jones,61.0,(777) 142-1464,676 Maple Road,Brooklyn,NY,11263,my doctor recommended this class
1196,Ethan Gonzalez,54.0,248-490-7349,23 Washington Rd,Buffalo,NY,14266,lose weight and eat better
1197,Benjamin Gonzalez,49.0,4314072320,398 Maple st,Allentown,PA,18117,To learn how to eat healthier
1198,Elizabeth Garcia,36.0,293-327-8391,415 Maple Ave,Scranton,PA,18559,-999
1199,Avery Moore,49.0,(373) 801-7237,284 Pine Avenue,Allentown,PA,18131,I want to start cooking more at home.
1200,Mason Rodriguez,73.0,,994 Broadway Avenue,Harrisburg,PA,17115,Want to lower my blood pressure.
1201,Noah Martin,46.0,(548) 903-6820,883 Lake Ave.,Philadelphia,PA,-999,To learn how to eat healthier
1202,Mason Anderson,75.0,7787586295,79 Washington st,Philadelphia,PA,19145,
1203,Daniel Hernandez,45.0,8398315760,737 Washington Rd.,Manchester,NH,03132,healthy lifestyle
1204,Emma Thomas,67.0,717-768-9109,510 Broadway ave,Brooklyn,NY,-999,To learn how to eat healthier
1205,Evelyn Brown,76.0,8898225873,330 Hill St.,New York,NY,-999,improve overall health
1206,Emily Garcia,59.0,,802 Pine Rd.,Rochester,NY,14656,Want to lower my blood pressure.
1207,Alexander Jones,80.0,(392) 268-7609,226 Cedar St.,Buffalo,NY,14231,Want to lower my blood pressure.
1208,Ethan Moore,33.0,8818687929,370 Maple Avenue,Albany,NY,12237,get fit!
1209,Mason Wilson,36.0,(696) 828-8499,721 Lake Rd,Buffalo,NY,14214,get fit!
1210,Sofia Wilson,34.0,-999,157 Oak Rd,Harrisburg,PA,17127,Want to lower my blood pressure.
1211,Evelyn Rodriguez,-999.0,358-140-3518,512 Hill Street,Trenton,NJ,08619,improve overall health
1212,Ethan Hernandez,79.0,5212778531,702 Washington Road,Burlington,VT,05443,my doctor recommended this class
1213,Charlotte Taylor,38.0,814-553-6772,432 Lake Avenue,Portland,ME,04151,my doctor recommended this class
1214,Mia Wilson,81.0,674-813-1519,282 Oak St,Philly,PA,19134,To understand nutrition labels
1215,Oliver Rodriguez,47.0,6174978391,27 Main Avenue,Scranton,PA,18578,To learn how to eat healthier
1216,Noah Anderson,69.0,,345 Oak rd,Allentown,PA,18117,Want to lower my blood pressure.
1217,Liam Hernandez,36.0,752-266-9743,963 Oak st,Allentown,PA,18168,improve overall health
1218,Evelyn Anderson,41.0,699-440-3897,290 Maple st,Brooklyn,NY,11231,my doctor recommended this class
1219,Olivia Hernandez,73.0,6456806606,767 Cedar St,Trenton,NJ,08624,my doctor recommended this class
1220,Logan Rodriguez,29.0,550-287-2865,865 Main Avenue,Scranton,PA,18571,I want to start cooking more at home.
1221,Mason Jones,52.0,6213443859,744 Maple Rd.,Allentown,PA,18121,-999
1222,Evelyn Lopez,68.0,(623) 665-8904,269 Washington rd,Rochester,NY,14660,get fit!
1223,Jacob Brown,38.0,310-692-1420,416 Hill rd,NewYork,NY,10090,lose weight and eat better
1224,Oliver Smith,46.0,,552 Elm st,Philadelphia,PA,19130,Want to lower my blood pressure.
1225,Elijah Moore,54.0,746-764-6886,487 Elm ave,Buffalo,NY,14270,improve overall health
1226,Daniel Rodriguez,-999.0,-999,684 Pine Rd.,Harrisburg,PA,17132,To understand nutrition labels
1227,Noah Gonzalez,59.0,593-528-5067,473 Main Avenue,Buffalo,NY,14287,healthy lifestyle
1228,Sofia Garcia,82.0,,474 Main Road,Albany,NY,12292,get fit!
1229,Oliver Moore,52.0,(827) 451-6995,439 Broadway Ave.,Harrisburg,PA,17161,To understand nutrition labels
1230,Amelia Martinez,38.0,,664 Washington Road,Scranton,PA,18568,To understand nutrition labels
1231,Daniel Hernandez,62.0,3338787070,257 Lake Street,Scranton,PA,18567,lose weight and eat better
1232,Olivia Martinez,30.0,(752) 955-9626,621 Washington Rd.,Allentown,PA,18133,my doctor recommended this class
1233,Noah Hernandez,78.0,484-903-3374,851 Broadway Road,Rochester,NY,,
1234,Elijah Jones,29.0,3122563621,404 Main Rd,Allentown,PA,18169,healthy lifestyle
1235,Emily Taylor,64.0,,731 Maple rd,Harrisburg,PA,-999,N/A
1236,Jacob Johnson,32.0,,351 Maple Rd,Scranton,PA,18523,healthy lifestyle
1237,Emily Martin,54.0,5243659608,639 Hill Ave.,Newark,NJ,07190,N/A
1238,Michael Wilson,,,466 Cedar Rd.,Harrisburg,PA,17196,my doctor recommended this class
1239,Ava Gonzalez,37.0,(524) 469-2745,378 Maple ave,Rochester,NY,-999,Want to lower my blood pressure.
1240,Abigail Williams,54.0,(907) 127-5942,775 Lake Rd.,Philadelphia,PA,,lose weight and eat better
1241,Benjamin Garcia,26.0,992-309-3267,674 Cedar Rd,Pittsburgh,PA,15284,lose weight and eat better
1242,Henry Johnson,71.0,454-526-6241,132 Oak Road,Scranton,PA,18516,get fit!
1243,Michael Anderson,-999.0,-999,491 Cedar St,Albany,NY,12269,I want to start cooking more at home.
1244,Ethan Miller,69.0,8654828177,240 Broadway St.,Albany,NY,12285,healthy lifestyle
1245,Evelyn Moore,45.0,(807) 277-6496,785 Oak Ave.,Allentown,PA,18157,healthy lifestyle
1246,Harper Lopez,53.0,316-126-4048,278 Lake Ave,Albany,NY,12237,my doctor recommended this class
1247,Mia Garcia,76.0,(570) 190-8155,546 Cedar ave,New York,NY,10053,lose weight and eat better
1248,Sofia Anderson,73.0,7347665425,456 Lake ave,New Haven,CT,06541,Want to lower my blood pressure.
1249,Emily Jackson,30.0,(507) 138-7251,910 Maple Avenue,Philadelphia,PA,19139,my doctor recommended this class
1250,Jacob Anderson,72.0,-999,470 Cedar Ave,Albany,NY,12221,N/A
1251,Abigail Lopez,35.0,-999,797 Cedar ave,New York,NY,10053,To understand nutrition labels
1252,Lucas Martinez,18.0,393-521-8161,858 Cedar st,Allentown,PA,18120,I want to start cooking more at home.
1253,James Taylor,38.0,,257 Lake Road,Albany,NY,12274,Want to lower my blood pressure.
1254,Evelyn Miller,81.0,(379) 602-1621,30 Maple St.,Harrisburg,PA,17152,my doctor recommended this class
1255,Michael Martin,52.0,960-644-5404,149 Cedar St.,Buffalo,NY,-999,N/A
1256,Daniel Thomas,41.0,309-285-6813,427 Main St.,Rochester,NY,14650,Want to lower my blood pressure.
1257,Daniel Wilson,60.0,(297) 640-1697,287 Cedar rd,New York,NY,10045,-999
1258,Logan Moore,44.0,2827356500,919 Maple Road,Brooklyn,NY,-999,-999
1259,Henry Hernandez,-999.0,(347) 870-7525,590 Elm St.,Scranton,PA,18579,improve overall health
1260,Harper Thomas,77.0,-999,155 Washington rd,Albany,NY,-999,To learn how to eat healthier
1261,Evelyn Davis,52.0,(768) 542-7240,494 Pine Rd.,Brooklyn,NY,11273,get fit!
1262,Mason Thomas,54.0,8611602465,945 Hill St,Buffalo,NY,14232,To learn how to eat healthier
1263,Daniel Wilson,52.0,473-921-2610,801 Hill ave,New York,NY,10034,healthy lifestyle
1264,Harper Moore,82.0,(599) 994-8702,775 Main Avenue,Buffalo,NY,14218,improve overall health
1265,Abigail Martin,80.0,,22 Lake rd,Buffalo,NY,14245,-999
1266,Amelia Anderson,75.0,,131 Broadway Avenue,Allentown,PA,18112,-999
1267,Henry Williams,43.0,3721507570,162 Main Road,Brooklyn,NY,11231,my doctor recommended this class
1268,Noah Jackson,60.0,-999,843 Washington Road,Burlington,VT,05497,N/A
1269,Abigail Thomas,33.0,950-689-1287,159 Pine Rd,Philadelphia,PA,19155,
1270,Evelyn Davis,46.0,253-202-7771,15 Broadway St.,Boston,MA,02130,I want to start cooking more at home.
1271,Daniel Jackson,38.0,(305) 687-2889,889 Lake St,Brooklyn,NY,11270,improve overall health
1272,Logan Davis,31.0,(344) 439-2274,661 Washington Ave.,Brooklyn,NY,11295,improve overall health
1273,Emily Brown,79.0,8838277839,837 Lake ave,Brooklyn,NY,11213,I want to start cooking more at home.
1274,Amelia Martinez,64.0,994-753-9289,804 Pine Street,Wilmington,DE,19818,healthy lifestyle
1275,Logan Thomas,20.0,(747) 122-4046,742 Elm Ave.,Pittsburgh,PA,15239,Want to lower my blood pressure.
1276,Ava Martin,64.0,916-781-6412,76 Broadway Ave,Philly,PA,19131,To understand nutrition labels
1277,Jacob Wilson,66.0,(275) 582-8936,960 Main St.,Washington,DC,20059,improve overall health
1278,James Anderson,26.0,668-189-2313,121 Pine Ave,Brooklyn,NY,11299,get fit!
1279,Avery Jackson,80.0,982-623-5591,65 Cedar Rd.,Harrisburg,PA,17171,
1280,Oliver Anderson,41.0,,189 Washington Ave.,Washington,DC,20061,I want to start cooking more at home.
1281,Emma Johnson,78.0,(358) 480-2466,712 Pine Ave,Wilmington,DE,19890,
1282,Jacob Rodriguez,41.0,(543) 770-2463,440 Washington Street,Harrisburg,PA,17184,To understand nutrition labels
1283,Daniel Wilson,26.0,(687) 795-7020,698 Maple rd,Albany,NY,12276,Want to lower my blood pressure.
1284,Isabella Wilson,62.0,4235775950,608 Lake rd,Albany,NY,,improve overall health
1285,Avery Taylor,37.0,7325522904,103 Cedar rd,Philadelphia,PA,,get fit!
1286,Evelyn Jackson,69.0,882-717-7626,796 Lake Ave.,Allentown,PA,-999,To understand nutrition labels
1287,Benjamin Lopez,50.0,6212246752,809 Hill St.,Brooklyn,NY,11296,healthy lifestyle
1288,James Miller,70.0,(229) 397-5289,388 Hill Ave.,Hartford,CT,06168,
1289,Abigail Anderson,35.0,,510 Maple Rd.,Scranton,PA,,healthy lifestyle
1290,James Rodriguez,68.0,6558996950,433 Hill rd,Brooklyn,NY,11212,get fit!
1291,Evelyn Smith,37.0,(498) 499-8326,316 Cedar Road,Newark,NJ,07196,To understand nutrition labels
1292,Isabella Moore,40.0,6677468126,503 Lake Avenue,Scranton,PA,18521,N/A
1293,Harper Smith,34.0,630-554-1351,902 Cedar St,Rochester,NY,14676,improve overall health
1294,Benjamin Moore,45.0,,270 Cedar Road,Albany,NY,12274,-999
1295,Charlotte Martin,38.0,(791) 838-6123,520 Pine ave,Rochester,NY,14621,I want to start cooking more at home.
1296,Olivia Smith,23.0,6076185693,728 Lake ave,Pittsburgh,PA,-999,healthy lifestyle
1297,Liam Jackson,67.0,(738) 738-5193,23 Washington St,Brooklyn,NY,11220,N/A
1298,James Garcia,48.0,(316) 253-4144,507 Cedar ave,Worcester,MA,01664,To learn how to eat healthier
1299,Olivia Miller,70.0,(977) 628-7126,328 Lake St,Scranton,PA,18577,
1300,Emma Gonzalez,76.0,(913) 848-8973,69 Cedar Ave.,Hartford,CT,06117,
1301,Elizabeth Williams,81.0,406-400-9157,838 Lake Avenue,Scranton,PA,18514,I want to start cooking more at home.
1302,Isabella Anderson,-999.0,240-972-5760,107 Washington Ave,NewYork,NY,10092,get fit!
1303,Charlotte Moore,50.0,(663) 558-7505,540 Maple Ave,Buffalo,NY,14248,To learn how to eat healthier
1304,Lucas Martin,67.0,6987509804,511 Pine Rd.,Brooklyn,NY,11250,N/A
1305,Lucas Wilson,66.0,(750) 584-4948,835 Elm Rd.,Scranton,PA,18581,I want to start cooking more at home.
1306,Ethan Johnson,46.0,(597) 463-3846,835 Cedar Road,Philadelphia,PA,,improve overall health
1307,Jacob Lopez,36.0,(426) 731-5140,881 Oak St,Boston,MA,02180,Want to lower my blood pressure.
1308,Olivia Brown,81.0,-999,750 Oak Rd,Buffalo,NY,14292,lose weight and eat better
1309,Michael Hernandez,64.0,403-716-9341,49 Lake St,Buffalo,NY,14270,healthy lifestyle
1310,Isabella Moore,56.0,921-312-9011,304 Broadway Avenue,New York,NY,10060,improve overall health
1311,Emma Thomas,24.0,-999,411 Maple st,Buffalo,NY,14285,N/A
1312,Liam Jackson,27.0,3996122963,433 Main Road,Brooklyn,NY,11229,get fit!
1313,Harper Gonzalez,58.0,723-157-6915,388 Pine rd,Scranton,PA,18546,improve overall health
1314,Abigail Hernandez,74.0,(780) 235-6021,390 Elm st,Brooklyn,NY,11216,get fit!
1315,Elijah Johnson,77.0,6158029233,664 Elm Rd,Buffalo,NY,14238,lose weight and eat better
1316,Benjamin Gonzalez,40.0,323-815-9490,22 Washington Rd,Brooklyn,NY,11222,improve overall health
1317,Daniel Moore,32.0,(278) 219-3150,717 Broadway Avenue,Pittsburgh,PA,15266,my doctor recommended this class
1318,Olivia Anderson,62.0,-999,796 Lake Rd.,Brooklyn,NY,11217,Want to lower my blood pressure.
1319,Logan Williams,-999.0,4227132995,394 Oak St.,Burlington,VT,05433,Want to lower my blood pressure.
1320,Daniel Jones,35.0,988-248-3589,198 Oak Rd,Philadelphia,PA,19113,improve overall health
1321,Henry Brown,-999.0,(829) 884-1256,618 Cedar St,Rochester,NY,14696,-999
1322,Noah Hernandez,28.0,924-775-8861,347 Elm Rd,New York,NY,10051,my doctor recommended this class
1323,Sofia Williams,27.0,(902) 154-3485,264 Hill Ave,New York,NY,10086,my doctor recommended this class
1324,Alexander Gonzalez,29.0,-999,845 Maple St,Buffalo,NY,14234,To learn how to eat healthier
1325,Amelia Martinez,32.0,-999,128 Maple ave,Buffalo,NY,14278,get fit!
1326,Elizabeth Brown,,,792 Broadway Rd,Scranton,PA,18571,improve overall health
1327,Michael Johnson,42.0,(687) 613-3471,741 Broadway Street,New York,NY,10041,N/A
1328,Jacob Wilson,,(392) 223-7437,120 Broadway Street,Allentown,PA,,my doctor recommended this class
1329,Benjamin Jackson,43.0,(759) 878-5016,248 Maple Ave,Scranton,PA,18598,-999
1330,Elijah Miller,,2977336929,798 Lake st,Providence,RI,02945,To learn how to eat healthier
1331,Emma Thomas,,287-218-3321,813 Elm ave,Brooklyn,NY,11254,
1332,Noah Wilson,70.0,(946) 155-2612,829 Main Road,Albany,NY,12234,healthy lifestyle
1333,Abigail Johnson,49.0,(220) 736-3496,587 Pine Ave,Buffalo,NY,14242,improve overall health
1334,Amelia Wilson,42.0,(593) 606-7547,924 Pine Rd,Albany,NY,12238,get fit!
1335,Ava Hernandez,68.0,7917475402,87 Main ave,Portland,ME,04121,I want to start cooking more at home.
1336,Abigail Johnson,27.0,884-149-1104,79 Pine Rd.,Rochester,NY,,healthy lifestyle
1337,Oliver Martin,54.0,(379) 959-3514,334 Cedar St,Trenton,NJ,08643,improve overall health
1338,Mia Anderson,70.0,257-955-9537,578 Hill Road,Allentown,PA,,my doctor recommended this class
1339,Elijah Johnson,69.0,8972431417,938 Broadway Avenue,Allentown,PA,18114,my doctor recommended this class
1340,Avery Thomas,20.0,788-347-3352,256 Main Street,Trenton,NJ,08695,Want to lower my blood pressure.
1341,Harper Lopez,81.0,978-152-4335,458 Lake Street,Harrisburg,PA,17190,my doctor recommended this class
1342,Ethan Smith,56.0,775-311-8474,874 Washington St.,Allentown,PA,18189,my doctor recommended this class
1343,Logan Taylor,82.0,3019122874,450 Lake Rd.,Harrisburg,PA,17162,improve overall health
1344,Ethan Jones,47.0,237-853-3319,258 Maple Ave,Manchester,NH,03132,To learn how to eat healthier
1345,Mason Martin,-999.0,(212) 469-6185,384 Main rd,Scranton,PA,18570,
1346,Mason Moore,72.0,7634386764,267 Broadway Avenue,Rochester,NY,14634,improve overall health
1347,Evelyn Rodriguez,-999.0,358-140-3518,512 Hill Street,Trenton,NJ,08619,improve overall health
1348,Ava Smith,,,193 Oak Ave,Allentown,PA,18151,get fit!
1349,Jacob Moore,54.0,2981507437,65 Lake Ave.,Pittsburgh,PA,,Want to lower my blood pressure.
1350,Olivia Moore,78.0,(423) 687-5408,250 Cedar Ave.,New York,NY,10035,lose weight and eat better
1351,Sophia Wilson,44.0,9199998130,34 Oak Rd.,Allentown,PA,18114,
1352,Oliver Martinez,-999.0,4272313332,224 Cedar Ave.,Brooklyn,NY,11264,
1353,Jacob Davis,66.0,8558044598,851 Washington St.,Rochester,NY,14661,
1354,Elizabeth Jackson,-999.0,566-614-2738,298 Elm Rd,Pittsburgh,PA,15294,To learn how to eat healthier
1355,Sofia Rodriguez,73.0,4697275321,333 Washington Ave.,Harrisburg,PA,17129,healthy lifestyle
1356,Michael Taylor,28.0,2805403956,91 Elm Ave,Pittsburgh,PA,15249,N/A
1357,Elizabeth Williams,73.0,613-539-8821,758 Maple St.,Harrisburg,PA,17151,healthy lifestyle
1358,Mia Rodriguez,-999.0,686-537-4436,526 Oak Road,Albany,NY,12279,improve overall health
1359,Avery Wilson,80.0,684-138-3821,49 Main st,Philadelphia,PA,19140,To learn how to eat healthier
1360,Henry Lopez,80.0,2029892526,880 Broadway Road,Albany,NY,12260,lose weight and eat better
1361,Oliver Jones,-999.0,(668) 137-5807,333 Maple St,Rochester,NY,14679,N/A
1362,Jacob Williams,68.0,-999,36 Oak Ave,Philadelphia,PA,19123,To understand nutrition labels
1363,Olivia Miller,70.0,(977) 628-7126,328 Lake St,Scranton,PA,18577,
1364,Michael Lopez,42.0,8948733240,326 Oak Rd,Pittsburgh,PA,,improve overall health
1365,Olivia Johnson,57.0,(782) 395-8195,726 Broadway Road,Pittsburgh,PA,15274,healthy lifestyle
1366,Avery Jackson,18.0,505-871-7389,509 Lake Rd.,Albany,NY,12272,To learn how to eat healthier
1367,Elijah Wilson,32.0,6905904452,32 Pine rd,Brooklyn,NY,,my doctor recommended this class
1368,Olivia Thomas,78.0,582-288-7348,207 Broadway St.,Albany,NY,,To learn how to eat healthier
1369,Charlotte Jackson,,3392618157,188 Broadway Road,Worcester,MA,01688,improve overall health
1370,Benjamin Martin,23.0,,319 Lake rd,Philadelphia,PA,19181,To learn how to eat healthier
1371,Amelia Miller,39.0,(490) 627-6491,240 Cedar Road,NewYork,NY,,N/A
1372,Ethan Moore,78.0,360-618-1913,641 Elm ave,Philadelphia,PA,19117,To learn how to eat healthier
1373,Ava Miller,19.0,877-203-9524,438 Hill Rd.,Albany,NY,12289,Want to lower my blood pressure.
1374,Evelyn Jones,64.0,638-272-1079,293 Cedar st,Pittsburgh,PA,15252,N/A
1375,Harper Moore,80.0,775-979-1781,71 Oak Rd.,Buffalo,NY,14270,Want to lower my blood pressure.
1376,Sophia Miller,26.0,749-291-6993,278 Cedar Ave,Harrisburg,PA,17191,improve overall health
1377,Benjamin Lopez,21.0,(840) 449-7235,431 Main Avenue,Scranton,PA,,lose weight and eat better
1378,Olivia Miller,45.0,(540) 410-1251,774 Cedar Rd,Pittsburgh,PA,15299,my doctor recommended this class
1379,James Hernandez,40.0,7529976994,273 Lake Ave.,Pittsburgh,PA,15247,improve overall health
1380,Alexander Taylor,56.0,7707053869,58 Main rd,Scranton,PA,18595,I want to start cooking more at home.
1381,Amelia Martin,78.0,(880) 945-4578,550 Hill st,Pittsburgh,PA,,my doctor recommended this class
1382,James Martinez,35.0,(732) 855-5057,852 Washington Rd.,Pittsburgh,PA,15228,I want to start cooking more at home.
1383,James Taylor,37.0,(365) 652-9689,29 Hill ave,Rochester,NY,14649,
1384,Lucas Martinez,53.0,(392) 209-3155,630 Maple Road,Newark,NJ,07186,-999
1385,Logan Moore,22.0,(697) 625-8993,442 Maple Rd,Trenton,NJ,08618,To understand nutrition labels
1386,Evelyn Gonzalez,65.0,-999,644 Cedar Ave,Worcester,MA,01688,lose weight and eat better
1387,Noah Davis,74.0,2343038550,494 Oak Rd.,Scranton,PA,18549,improve overall health
1388,Emma Gonzalez,76.0,(913) 848-8973,69 Cedar Ave.,Hartford,CT,06117,
1389,James Davis,37.0,5861758357,557 Broadway rd,Scranton,PA,18598,I want to start cooking more at home.
1390,Sophia Williams,70.0,9763468800,105 Broadway Ave,Buffalo,NY,14298,lose weight and eat better
1391,Noah Anderson,26.0,3082169145,833 Hill St,New York,NY,10096,I want to start cooking more at home.
1392,Amelia Brown,31.0,(242) 619-2727,170 Oak Street,Buffalo,NY,14274,N/A
1393,Daniel Moore,,654-859-7809,756 Elm st,Allentown,PA,18185,
1394,Sophia Miller,49.0,,290 Maple Ave.,Harrisburg,PA,17174,I want to start cooking more at home.
1395,Jacob Moore,62.0,483-331-4187,277 Main Rd,Buffalo,NY,14223,
1396,Avery Williams,35.0,(784) 852-9196,518 Lake Road,Brooklyn,NY,11225,improve overall health
1397,Logan Taylor,41.0,(842) 820-9457,686 Hill Ave.,Scranton,PA,18591,healthy lifestyle
1398,Mason Jones,53.0,6236374438,121 Cedar Rd,Trenton,NJ,08690,healthy lifestyle
1399,Alexander Jones,80.0,-999,74 Main Ave,Albany,NY,12211,healthy lifestyle
1400,Logan Thomas,21.0,853-398-2342,492 Oak ave,Harrisburg,PA,17143,Want to lower my blood pressure.
1401,Emily Martin,71.0,-999,957 Pine St,Albany,NY,12222,To understand nutrition labels
1402,Ava Martinez,-999.0,976-968-3233,714 Elm Ave,Harrisburg,PA,17171,
1403,Olivia Johnson,72.0,675-776-5151,797 Elm Rd,Scranton,PA,,N/A
1404,Harper Williams,38.0,749-513-2506,349 Cedar Street,Pittsburgh,PA,15289,healthy lifestyle
1405,Evelyn Rodriguez,-999.0,553-846-6139,404 Hill Rd,Trenton,NJ,08615,
1406,Jacob Moore,50.0,(505) 303-6905,658 Cedar St.,Philadelphia,PA,19145,my doctor recommended this class
1407,Abigail Jones,31.0,-999,834 Cedar Avenue,Pittsburgh,PA,15212,I want to start cooking more at home.
1408,Sofia Miller,28.0,9738828629,109 Pine st,Allentown,PA,18192,N/A
1409,Logan Thomas,39.0,6207153338,181 Pine Road,Allentown,PA,18186,
1410,Oliver Gonzalez,55.0,-999,881 Maple rd,Newark,NJ,,my doctor recommended this class
1411,Mia Moore,77.0,(614) 744-4022,765 Main Ave,Washington,DC,20067,-999
1412,Liam Johnson,34.0,(970) 602-2680,500 Hill ave,Pittsburgh,PA,15216,To understand nutrition labels
1413,Emma Davis,75.0,685-700-6730,301 Pine Ave,Albany,NY,12230,my doctor recommended this class
1414,Logan Davis,29.0,8227564197,210 Lake Street,Buffalo,NY,-999,N/A
1415,Elizabeth Miller,77.0,3221923582,230 Elm Rd,Pittsburgh,PA,15241,-999
1416,Sophia Miller,49.0,3836717802,700 Oak Road,Allentown,PA,18164,Want to lower my blood pressure.
1417,Noah Miller,80.0,(565) 231-4842,931 Elm Rd,Rochester,NY,14667,improve overall health
1418,Henry Garcia,46.0,-999,819 Cedar St.,Allentown,PA,,healthy lifestyle
1419,Elijah Anderson,67.0,(813) 620-3236,966 Elm Avenue,Scranton,PA,18510,To understand nutrition labels
1420,Elijah Jackson,18.0,2451418711,553 Lake st,Philadelphia,PA,19122,N/A
1421,Sophia Moore,75.0,2068773615,169 Main Avenue,Buffalo,NY,14253,
1422,Isabella Garcia,59.0,403-186-7791,977 Pine ave,Trenton,NJ,08612,healthy lifestyle
1423,Evelyn Jones,66.0,7021435947,239 Elm ave,Albany,NY,12229,To understand nutrition labels
1424,Isabella Garcia,73.0,703-193-8700,696 Main Avenue,Albany,NY,12252,I want to start cooking more at home.
1425,Emily Jackson,39.0,,619 Cedar Ave.,Pittsburgh,PA,15264,N/A
1426,Benjamin Williams,23.0,6701796129,736 Main rd,Portland,ME,04124,
1427,Olivia Hernandez,79.0,6417693703,113 Main St,Harrisburg,PA,17134,I want to start cooking more at home.
1428,Charlotte Hernandez,59.0,588-384-7906,777 Oak Ave,Scranton,PA,,improve overall health
1429,Charlotte Lopez,48.0,8288003717,193 Pine Ave.,Newark,NJ,07194,get fit!
1430,Mason Jackson,-999.0,7844996282,717 Oak Ave,Brooklyn,NY,11274,improve overall health
1431,Liam Rodriguez,32.0,,318 Broadway ave,Philadelphia,PA,19178,lose weight and eat better
1432,James Gonzalez,71.0,404-920-3267,905 Maple rd,Harrisburg,PA,17123,healthy lifestyle
1433,Logan Davis,42.0,,765 Maple Ave,Brooklyn,NY,11263,
1434,Ethan Martin,74.0,864-514-4232,409 Oak Street,Brooklyn,NY,11279,To understand nutrition labels
1435,James Moore,-999.0,430-961-2858,520 Oak Rd.,Buffalo,NY,14244,I want to start cooking more at home.
1436,Elizabeth Miller,74.0,(694) 612-3524,804 Washington Avenue,Pittsburgh,PA,15222,healthy lifestyle
1437,Benjamin Johnson,80.0,(470) 478-4834,407 Cedar Road,Philadelphia,PA,19115,improve overall health
1438,Emily Anderson,,427-102-6592,728 Elm Road,Albany,NY,,get fit!
1439,Isabella Anderson,27.0,7632001828,958 Lake St,NewYork,NY,10037,I want to start cooking more at home.
1440,Abigail Gonzalez,-999.0,526-652-3450,166 Lake Rd.,Brooklyn,NY,11260,N/A
1441,Mia Jones,29.0,(633) 620-6928,983 Washington Ave.,Buffalo,NY,14272,lose weight and eat better
1442,Abigail Lopez,43.0,232-808-1977,479 Pine st,Allentown,PA,18153,lose weight and eat better
1443,Michael Smith,33.0,5847704365,119 Washington Avenue,Rochester,NY,14684,To understand nutrition labels
1444,Liam Rodriguez,54.0,6686799115,284 Lake St,Scranton,PA,18556,-999
1445,Elijah Miller,26.0,6499879027,447 Washington Ave.,Pittsburgh,PA,15287,I want to start cooking more at home.
1446,Mason Rodriguez,72.0,,454 Main Ave.,Providence,RI,02915,healthy lifestyle
1447,Amelia Davis,25.0,-999,601 Elm Street,Baltimore,MD,21251,lose weight and eat better
1448,Alexander Thomas,37.0,(530) 519-6276,54 Oak Rd,Brooklyn,NY,11214,lose weight and eat better
1449,Ethan Gonzalez,54.0,248-490-7349,23 Washington Rd,Buffalo,NY,14266,lose weight and eat better
1450,Jacob Williams,,,24 Hill Street,Allentown,PA,18124,-999
1451,Amelia Jackson,35.0,2046431795,956 Main rd,Philadelphia,PA,19198,my doctor recommended this class
1452,Evelyn Thomas,75.0,553-440-9903,724 Broadway Ave.,New York,NY,10062,To learn how to eat healthier
1453,Mason Jackson,24.0,498-928-1447,527 Broadway St.,Rochester,NY,14645,To understand nutrition labels
1454,Charlotte Moore,-999.0,,801 Elm Ave,Pittsburgh,PA,15210,healthy lifestyle
1455,Elijah Jones,28.0,647-181-8825,871 Pine Street,Brooklyn,NY,11247,
1456,Lucas Williams,18.0,2792354705,722 Broadway St,Allentown,PA,18164,get fit!
1457,Ava Hernandez,68.0,9304927935,107 Hill Ave,Worcester,MA,,improve overall health
1458,Mia Gonzalez,59.0,(478) 339-2223,169 Pine Rd,Albany,NY,12269,improve overall health
1459,Emily Jackson,39.0,,619 Cedar Ave.,Pittsburgh,PA,15264,N/A
1460,Alexander Gonzalez,57.0,-999,513 Lake st,Buffalo,NY,14228,
1461,Oliver Hernandez,55.0,4739789428,950 Oak st,Buffalo,NY,14293,get fit!
1462,Ava Davis,41.0,2807247267,247 Cedar Ave.,Scranton,PA,18568,To understand nutrition labels
1463,Liam Wilson,50.0,,793 Cedar Rd,Rochester,NY,14632,N/A
1464,Daniel Martinez,58.0,478-523-2422,859 Cedar ave,Albany,NY,12248,get fit!
1465,Noah Jones,25.0,3632067816,195 Broadway rd,Washington,DC,20055,
1466,Elizabeth Smith,,(446) 757-4994,405 Washington Ave,Buffalo,NY,14246,To learn how to eat healthier
1467,Avery Johnson,44.0,8822056794,957 Main Rd.,New York,NY,10032,
1468,Elijah Davis,56.0,,761 Main Rd.,Rochester,NY,14671,get fit!
1469,Lucas Moore,-999.0,213-275-8817,320 Main rd,Wilmington,DE,19888,improve overall health
1470,Jacob Anderson,56.0,,673 Oak Street,Albany,NY,12231,lose weight and eat better
1471,Emma Williams,78.0,645-190-2049,633 Cedar Ave,Rochester,NY,14661,my doctor recommended this class
1472,Lucas Anderson,81.0,-999,304 Cedar Street,Allentown,PA,18165,lose weight and eat better
1473,James Rodriguez,40.0,,106 Main Ave.,Scranton,PA,-999,get fit!
1474,Ethan Garcia,21.0,3181724855,439 Broadway Road,New York,NY,10039,Want to lower my blood pressure.
1475,Henry Gonzalez,49.0,(653) 741-3071,45 Lake St,Philadelphia,PA,19170,N/A
1476,Elizabeth Thomas,23.0,2339129412,940 Maple Ave,Buffalo,NY,,To understand nutrition labels
1477,Avery Lopez,-999.0,-999,651 Maple ave,Allentown,PA,18183,my doctor recommended this class
1478,Ava Gonzalez,55.0,(347) 405-7113,136 Lake Rd.,NewYork,NY,10078,healthy lifestyle
1479,Ethan Wilson,25.0,4726411666,977 Oak Ave,Buffalo,NY,14222,Want to lower my blood pressure.
1480,Abigail Rodriguez,75.0,564-666-7150,97 Pine rd,Wilmington,DE,19841,
1481,Liam Moore,57.0,6053601049,56 Cedar Rd,Scranton,PA,18518,healthy lifestyle
1482,Ethan Taylor,21.0,,894 Lake Street,Scranton,PA,,I want to start cooking more at home.
1483,Daniel Anderson,72.0,6656217948,241 Broadway Avenue,Albany,NY,12210,my doctor recommended this class
1484,Sophia Martinez,24.0,539-379-3039,926 Main ave,Scranton,PA,18533,N/A
1485,Oliver Anderson,-999.0,(405) 724-7432,563 Broadway St.,Philadelphia,PA,19166,To understand nutrition labels
1486,Henry Martin,60.0,,681 Pine Avenue,Philly,PA,19120,To understand nutrition labels
1487,Charlotte Johnson,,5044218454,359 Broadway Road,Albany,NY,12220,my doctor recommended this class
1488,Avery Martinez,54.0,6324011893,859 Lake st,Burlington,VT,05474,Want to lower my blood pressure.
1489,Avery Lopez,-999.0,510-418-5593,317 Oak St.,Pittsburgh,PA,15251,To understand nutrition labels
1490,Noah Wilson,81.0,(414) 670-1770,703 Washington Avenue,NewYork,NY,10074,To learn how to eat healthier
1491,James Johnson,28.0,6527715201,857 Broadway St.,Allentown,PA,18181,To understand nutrition labels
1492,Sophia Moore,75.0,2068773615,169 Main Avenue,Buffalo,NY,14253,
1493,Lucas Moore,-999.0,,864 Pine Rd,Harrisburg,PA,17128,I want to start cooking more at home.
1494,Henry Davis,70.0,5815692391,662 Oak Rd.,Philly,PA,19165,get fit!
1495,Emma Johnson,69.0,(310) 602-8267,77 Oak Ave.,Brooklyn,NY,11291,my doctor recommended this class
1496,Ethan Jones,29.0,,548 Main rd,Harrisburg,PA,17183,Want to lower my blood pressure.
1497,Charlotte Gonzalez,20.0,(716) 800-7877,497 Hill St.,Washington,DC,20078,healthy lifestyle
1498,Noah Miller,58.0,9219235641,328 Cedar St,Washington,DC,20079,
1499,Charlotte Davis,45.0,-999,460 Pine Street,Harrisburg,PA,17185,To learn how to eat healthier
1500,Amelia Johnson,48.0,5754707272,705 Maple Rd.,Harrisburg,PA,17157,N/A
